{
  "epoch": 1,
  "timestamp": 1750155134496,
  "metrics": {
    "train_loss": 0.9159444514662027,
    "train_dice": 0.10173017077613622,
    "val_loss": 0.9135406953947884,
    "val_dice": 0.10839403420686722
  }
}