{
  "epoch": 1,
  "validation_dice": 0.10839403420686722,
  "validation_loss": 0.9135406953947884,
  "train_dice": 0.10173017077613622,
  "train_loss": 0.9159444514662027,
  "learning_rate": 0.001,
  "improvement": 0.0,
  "model_path": "data/models/organized/2025/06/unet-coronary/unet-coronary_20250617_121124_53e97df7_v1.0.0/weights/model.pth",
  "timestamp": 1750155134.5373814
}