{
  "epoch": 3,
  "timestamp": 1750148749017,
  "metrics": {
    "train_loss": 0.7304887483044277,
    "train_accuracy": 0.5069444444444444,
    "val_loss": 0.7155169523679293,
    "val_accuracy": 0.592948717948718
  }
}