{
  "epoch_history": [
    {
      "train_loss": 0.9226180594414473,
      "train_dice": 0.08584557671565562,
      "val_loss": 0.9169480374881199,
      "val_dice": 0.09910733997821808
    }
  ],
  "best_metrics": {
    "best_val_dice": 0.09910733997821808,
    "final_train_loss": 0.9226180594414473,
    "final_val_loss": 0.9169480374881199,
    "final_train_dice": 0.08584557671565562,
    "final_val_dice": 0.09910733997821808,
    "total_epochs_trained": 1,
    "convergence_epoch": 1
  },
  "training_summary": {
    "total_epochs": 1,
    "best_epoch": 1,
    "final_lr": 0.001,
    "model_parameters": 1625420
  }
}