{
  "epoch": 3,
  "learning_rate": 0.001,
  "batch_size": 16,
  "device": "cpu",
  "metrics": {
    "train_loss": 0.7304887483044277,
    "train_accuracy": 0.5069444444444444,
    "val_loss": 0.7155169523679293,
    "val_accuracy": 0.592948717948718
  }
}