{
    "train_loss": 0.7304887483044277,
    "train_accuracy": 0.5069444444444444,
    "val_loss": 0.7155169523679293,
    "val_accuracy": 0.592948717948718,
    "epoch_history": [
        {
            "train_loss": 0.6925922509223695,
            "train_accuracy": 0.5724206349206349,
            "val_loss": 0.6884656090002793,
            "val_accuracy": 0.7788461538461539
        },
        {
            "train_loss": 0.6950708164109124,
            "train_accuracy": 0.5565476190476191,
            "val_loss": 0.6045045325389276,
            "val_accuracy": 0.7307692307692307
        },
        {
            "train_loss": 0.7304887483044277,
            "train_accuracy": 0.5069444444444444,
            "val_loss": 0.7155169523679293,
            "val_accuracy": 0.592948717948718
        }
    ]
}