{
  "epoch": 3,
  "timestamp": 1750147147197,
  "metrics": {
    "train_loss": 0.6430600099265575,
    "train_dice": 0.615234375,
    "val_loss": 0.6761975118092128,
    "val_dice": 0.7410714285714286
  }
}