{
  "epoch": 3,
  "validation_dice": 0.7410714285714286,
  "validation_loss": 0.6761975118092128,
  "train_dice": 0.615234375,
  "train_loss": 0.6430600099265575,
  "learning_rate": 0.001,
  "improvement": 0.0,
  "model_path": "data/models/organized/2025/06/unet-coronary/unet-coronary_20250617_095203_2fc7ffe9_v1.0.0/weights/model.pth",
  "timestamp": 1750147147.2714639
}