{
  "epoch": 4,
  "timestamp": 1750147317621,
  "metrics": {
    "train_loss": 0.6802269639447331,
    "train_dice": 0.625,
    "val_loss": 0.6142099414552961,
    "val_dice": 0.7321428571428571
  }
}