{
  "epoch": 1,
  "learning_rate": 0.001,
  "batch_size": 32,
  "device": "cpu",
  "metrics": {
    "train_loss": 0.6923418324440718,
    "train_dice": 0.587890625,
    "val_loss": 0.5832416117191315,
    "val_dice": 0.7053571428571429
  }
}