{
  "epoch": 1,
  "timestamp": 1750146379927,
  "metrics": {
    "train_loss": 0.6923418324440718,
    "train_dice": 0.587890625,
    "val_loss": 0.5832416117191315,
    "val_dice": 0.7053571428571429
  }
}