{
  "epoch": 4,
  "learning_rate": 0.001,
  "batch_size": 32,
  "device": "cpu",
  "metrics": {
    "train_loss": 0.6802269639447331,
    "train_dice": 0.625,
    "val_loss": 0.6142099414552961,
    "val_dice": 0.7321428571428571
  }
}