{
  "epoch": 1,
  "timestamp": 1750146655411,
  "metrics": {
    "train_loss": 0.642284844070673,
    "train_dice": 0.609375,
    "val_loss": 0.5904378124645778,
    "val_dice": 0.7053571428571429
  }
}