{
  "epoch": 1,
  "timestamp": 1750148410097,
  "metrics": {
    "train_loss": 0.6925922509223695,
    "train_accuracy": 0.5724206349206349,
    "val_loss": 0.6884656090002793,
    "val_accuracy": 0.7788461538461539
  }
}