{
  "epoch": 1,
  "learning_rate": 0.001,
  "batch_size": 32,
  "device": "cpu",
  "metrics": {
    "train_loss": 0.9226180594414473,
    "train_dice": 0.08584557671565562,
    "val_loss": 0.9169480374881199,
    "val_dice": 0.09910733997821808
  }
}