{
  "epoch_history": [
    {
      "train_loss": 0.6923418324440718,
      "train_dice": 0.587890625,
      "val_loss": 0.5832416117191315,
      "val_dice": 0.7053571428571429
    }
  ],
  "best_metrics": {
    "best_val_dice": 0.7053571428571429,
    "final_train_loss": 0.6923418324440718,
    "final_val_loss": 0.5832416117191315,
    "final_train_dice": 0.587890625,
    "final_val_dice": 0.7053571428571429,
    "total_epochs_trained": 1,
    "convergence_epoch": 1
  },
  "training_summary": {
    "total_epochs": 1,
    "best_epoch": 1,
    "final_lr": 0.001,
    "model_parameters": 1682115
  }
}