{
  "epoch": 1,
  "validation_dice": 0.7053571428571429,
  "validation_loss": 0.5904378124645778,
  "train_dice": 0.609375,
  "train_loss": 0.642284844070673,
  "learning_rate": 0.001,
  "improvement": 0.0,
  "model_path": "data/models/organized/2025/06/unet-coronary/unet-coronary_20250617_094818_a8708361_v1.0.0/weights/model.pth",
  "timestamp": 1750146655.4731276
}