{
  "epoch": 2,
  "learning_rate": 0.001,
  "batch_size": 16,
  "device": "cpu",
  "metrics": {
    "train_loss": 0.6950708164109124,
    "train_accuracy": 0.5565476190476191,
    "val_loss": 0.6045045325389276,
    "val_accuracy": 0.7307692307692307
  }
}