{
  "epoch": 1,
  "timestamp": 1750146852806,
  "metrics": {
    "train_loss": 0.6452887821942568,
    "train_dice": 0.61328125,
    "val_loss": 0.6192792143140521,
    "val_dice": 0.7053571428571429
  }
}