{
  "epoch": 2,
  "learning_rate": 0.001,
  "batch_size": 32,
  "device": "cpu",
  "metrics": {
    "train_loss": 0.6615356290712953,
    "train_dice": 0.6298828125,
    "val_loss": 0.6369596804891314,
    "val_dice": 0.7053571428571429
  }
}