{
    "train_loss": 0.6615356290712953,
    "train_dice": 0.6298828125,
    "val_loss": 0.6369596804891314,
    "val_dice": 0.7053571428571429,
    "epoch_history": [
        {
            "train_loss": 0.6452887821942568,
            "train_dice": 0.61328125,
            "val_loss": 0.6192792143140521,
            "val_dice": 0.7053571428571429
        },
        {
            "train_loss": 0.6615356290712953,
            "train_dice": 0.6298828125,
            "val_loss": 0.6369596804891314,
            "val_dice": 0.7053571428571429
        }
    ]
}