{
  "epoch_history": [
    {
      "train_loss": 0.6452887821942568,
      "train_dice": 0.61328125,
      "val_loss": 0.6192792143140521,
      "val_dice": 0.7053571428571429
    },
    {
      "train_loss": 0.6615356290712953,
      "train_dice": 0.6298828125,
      "val_loss": 0.6369596804891314,
      "val_dice": 0.7053571428571429
    },
    {
      "train_loss": 0.6430600099265575,
      "train_dice": 0.615234375,
      "val_loss": 0.6761975118092128,
      "val_dice": 0.7410714285714286
    },
    {
      "train_loss": 0.6802269639447331,
      "train_dice": 0.625,
      "val_loss": 0.6142099414552961,
      "val_dice": 0.7321428571428571
    }
  ],
  "best_metrics": {
    "best_val_dice": 0.7410714285714286,
    "final_train_loss": 0.6802269639447331,
    "final_val_loss": 0.6142099414552961,
    "final_train_dice": 0.625,
    "final_val_dice": 0.7321428571428571,
    "total_epochs_trained": 4,
    "convergence_epoch": 3
  },
  "training_summary": {
    "total_epochs": 4,
    "best_epoch": 3,
    "final_lr": 0.001,
    "model_parameters": 1682115
  }
}