{
  "epoch": 1,
  "learning_rate": 0.001,
  "batch_size": 32,
  "device": "cpu",
  "metrics": {
    "train_loss": 0.642284844070673,
    "train_dice": 0.609375,
    "val_loss": 0.5904378124645778,
    "val_dice": 0.7053571428571429
  }
}